name,iso3,iso2,capital,currency,currency_name,currency_symbol,tld,native,region,region_id,subregion,nationality,latitude,longitude,emoji,emojiU,funfact,queryName
Afghanistan,AFG,AF,Kabul,AFN,Afghan afghani,Ø‹,.af,Ø§ÙØºØ§Ù†Ø³ØªØ§Ù†,Asia,3,Southern Asia,Afghan,33.00000000,65.00000000,ğŸ‡¦ğŸ‡«,U+1F1E6 U+1F1EB,"Afghanistan er kjent for sine unike og vakre tepper, som er hÃ¸yt verdsatt over hele verden.",afghanistan
Albania,ALB,AL,Tirana,ALL,Albanian lek,Lek,.al,ShqipÃ«ria,Europe,4,Southern Europe,Albanian ,41.00000000,20.00000000,ğŸ‡¦ğŸ‡±,U+1F1E6 U+1F1F1,"I Albania betyr Ã¥ nikke med hodet 'nei' og Ã¥ riste pÃ¥ hodet betyr 'ja', noe som kan forvirre besÃ¸kende.",albania
Algerie,DZA,DZ,Alger,DZD,Algerian dinar,Ø¯Ø¬,.dz,Ø§Ù„Ø¬Ø²Ø§Ø¦Ø±,Africa,1,Northern Africa,Algerian,28.00000000,3.00000000,ğŸ‡©ğŸ‡¿,U+1F1E9 U+1F1FF,"Algerie er det stÃ¸rste landet i Afrika, med en stor del av sitt territorium dekket av Sahara-Ã¸rkenen.",algerie
Angola,AGO,AO,Luanda,AOA,Angolan kwanza,Kz,.ao,Angola,Africa,1,Middle Africa,Angolan,-12.50000000,18.50000000,ğŸ‡¦ğŸ‡´,U+1F1E6 U+1F1F4,"Angola har en av de yngste befolkningene i verden, med en medianalder pÃ¥ under 20 Ã¥r.",angola
Argentina,ARG,AR,Buenos Aires,ARS,Argentine peso,$,.ar,Argentina,Americas,2,South America,Argentine,-34.00000000,-64.00000000,ğŸ‡¦ğŸ‡·,U+1F1E6 U+1F1F7,"Argentina er hjem til det hÃ¸yeste fjellet i Amerika, Aconcagua, som rager 6 959 meter over havet.",argentina
Armenia,ARM,AM,Jerevan,AMD,Armenian dram,Ö,.am,Õ€Õ¡ÕµÕ¡Õ½Õ¿Õ¡Õ¶,Asia,3,Western Asia,Armenian,40.00000000,45.00000000,ğŸ‡¦ğŸ‡²,U+1F1E6 U+1F1F2,Armenia var det fÃ¸rste landet som adopterte kristendommen som statsreligion i Ã¥r 301.,armenia
Australia,AUS,AU,Canberra,AUD,Australian dollar,$,.au,Australia,Oceania,5,Australia and New Zealand,Australian,-27.00000000,133.00000000,ğŸ‡¦ğŸ‡º,U+1F1E6 U+1F1FA,"Australia er det eneste landet som ogsÃ¥ er et kontinent, og har mer enn 10 000 strender.",australia
Ã˜sterrike,AUT,AT,Wien,EUR,Euro,â‚¬,.at,Ã–sterreich,Europe,4,Western Europe,Austrian,47.33333333,13.33333333,ğŸ‡¦ğŸ‡¹,U+1F1E6 U+1F1F9,Ã˜sterrike er kjent for sine musikktradisjoner og var hjemmet til komponister som Mozart og Beethoven.,Ã¸sterrike
Aserbajdsjan,AZE,AZ,Baku,AZN,Azerbaijani manat,m,.az,AzÉ™rbaycan,Asia,3,Western Asia,"Azerbaijani, Azeri",40.50000000,47.50000000,ğŸ‡¦ğŸ‡¿,U+1F1E6 U+1F1FF,Aserbajdsjan kalles ofte 'landet med ild' pÃ¥ grunn av sine naturlige gassbranner som har brent i Ã¥rhundrer.,aserbajdsjan
Bangladesh,BGD,BD,Dhaka,BDT,Bangladeshi taka,à§³,.bd,Bangladesh,Asia,3,Southern Asia,Bangladeshi,24.00000000,90.00000000,ğŸ‡§ğŸ‡©,U+1F1E7 U+1F1E9,"Bangladesh har verdens stÃ¸rste elvedelta, dannet av elvene Ganges og Brahmaputra.",bangladesh
Hviterussland,BLR,BY,Minsk,BYN,Belarusian ruble,Br,.by,Ğ‘ĞµĞ»Ğ°Ñ€ÑƒÌÑÑŒ,Europe,4,Eastern Europe,Belarusian,53.00000000,28.00000000,ğŸ‡§ğŸ‡¾,U+1F1E7 U+1F1FE,"Hviterussland har mange skoger, og rundt 40% av landet er dekket av skog.",hviterussland
Belgia,BEL,BE,Brussel,EUR,Euro,â‚¬,.be,BelgiÃ«,Europe,4,Western Europe,Belgian,50.83333333,4.00000000,ğŸ‡§ğŸ‡ª,U+1F1E7 U+1F1EA,"Belgia er kjent for sine vafler, sjokolade og mer enn 800 forskjellige typer Ã¸l.",belgia
Belize,BLZ,BZ,Belmopan,BZD,Belize dollar,$,.bz,Belize,Americas,2,Central America,Belizean,17.25000000,-88.75000000,ğŸ‡§ğŸ‡¿,U+1F1E7 U+1F1FF,"Belize Barrier Reef er det nest stÃ¸rste korallrevet i verden, etter Great Barrier Reef i Australia.",belize
Benin,BEN,BJ,Porto-Novo,XOF,West African CFA franc,CFA,.bj,BÃ©nin,Africa,1,Western Africa,"Beninese, Beninois",9.50000000,2.25000000,ğŸ‡§ğŸ‡¯,U+1F1E7 U+1F1EF,"Benin er fÃ¸destedet til voodoo-religionen, som fortsatt praktiseres av mange i landet.",benin
Bhutan,BTN,BT,Thimphu,BTN,Bhutanese ngultrum,Nu.,.bt,Ê¼brug-yul,Asia,3,Southern Asia,Bhutanese,27.50000000,90.50000000,ğŸ‡§ğŸ‡¹,U+1F1E7 U+1F1F9,Bhutan er kjent for sin mÃ¥ling av bruttonasjonal lykke (BNL) i stedet for bruttonasjonalprodukt (BNP).,bhutan
Bolivia,BOL,BO,"Sucre (konstitusjonell), La Paz (administrativ)",BOB,Bolivian boliviano,Bs.,.bo,Bolivia,Americas,2,South America,Bolivian,-17.00000000,-65.00000000,ğŸ‡§ğŸ‡´,U+1F1E7 U+1F1F4,"Bolivia har verdens hÃ¸yest beliggende hovedstad, La Paz, som ligger pÃ¥ over 3 650 meter over havet.",bolivia
Bosnia-Hercegovina,BIH,BA,Sarajevo,BAM,Bosnia and Herzegovina convertible mark,KM,.ba,Bosna i Hercegovina,Europe,4,Southern Europe,Bosnian or Herzegovinian,44.00000000,18.00000000,ğŸ‡§ğŸ‡¦,U+1F1E7 U+1F1E6,"Bosnia-Hercegovina har en av verdens siste bevarte urskoger, PeruÄ‡ica.",bosnia-hercegovina
Botswana,BWA,BW,Gaborone,BWP,Botswana pula,P,.bw,Botswana,Africa,1,Southern Africa,"Motswana, Botswanan",-22.00000000,24.00000000,ğŸ‡§ğŸ‡¼,U+1F1E7 U+1F1FC,"Botswana er hjem til Okavango-deltaet, et av verdens stÃ¸rste innlandsdeltaer.",botswana
Brasil,BRA,BR,BrasÃ­lia,BRL,Brazilian real,R$,.br,Brasil,Americas,2,South America,Brazilian,-10.00000000,-55.00000000,ğŸ‡§ğŸ‡·,U+1F1E7 U+1F1F7,"Brasil er det eneste landet i SÃ¸r-Amerika som snakker portugisisk, pÃ¥ grunn av sin kolonihistorie.",brasil
Brunei,BRN,BN,Bandar Seri Begawan,BND,Brunei dollar,B$,.bn,Negara Brunei Darussalam,Asia,3,South-Eastern Asia,Bruneian,4.50000000,114.66666666,ğŸ‡§ğŸ‡³,U+1F1E7 U+1F1F3,Brunei har en av verdens hÃ¸yeste levestandarder takket vÃ¦re sin rikdom pÃ¥ olje og gass.,brunei
Bulgaria,BGR,BG,Sofia,BGN,Bulgarian lev,Ğ›Ğ².,.bg,Ğ‘ÑŠĞ»Ğ³Ğ°Ñ€Ğ¸Ñ,Europe,4,Eastern Europe,Bulgarian,43.00000000,25.00000000,ğŸ‡§ğŸ‡¬,U+1F1E7 U+1F1EC,"Bulgaria er hjem til noen av verdens eldste gylne skatter, som dateres tilbake til 4 500 f.Kr.",bulgaria
Burkina Faso,BFA,BF,Ouagadougou,XOF,West African CFA franc,CFA,.bf,Burkina Faso,Africa,1,Western Africa,Burkinabe,13.00000000,-2.00000000,ğŸ‡§ğŸ‡«,U+1F1E7 U+1F1EB,Burkina Faso betyr 'landet av de Ã¦rlige menneskene' pÃ¥ det lokale More-sprÃ¥ket.,burkina_faso
Burundi,BDI,BI,Gitega,BIF,Burundian franc,FBu,.bi,Burundi,Africa,1,Eastern Africa,Burundian,-3.50000000,30.00000000,ğŸ‡§ğŸ‡®,U+1F1E7 U+1F1EE,"Burundi er kjent for sine trommetradisjoner, med store trommer brukt i kulturelle seremonier.",burundi
Kambodsja,KHM,KH,Phnom Penh,KHR,Cambodian riel,KHR,.kh,KÃ¢mpÅ­chÃ©a,Asia,3,South-Eastern Asia,Cambodian,13.00000000,105.00000000,ğŸ‡°ğŸ‡­,U+1F1F0 U+1F1ED,"Kambodsja er hjem til Angkor Wat, verdens stÃ¸rste religiÃ¸se monument.",kambodsja
Kamerun,CMR,CM,YaoundÃ©,XAF,Central African CFA franc,FCFA,.cm,Cameroon,Africa,1,Middle Africa,Cameroonian,6.00000000,12.00000000,ğŸ‡¨ğŸ‡²,U+1F1E8 U+1F1F2,Kamerun er kjent som 'Afrika i miniatyr' pÃ¥ grunn av sin geografiske og kulturelle variasjon.,kamerun
Canada,CAN,CA,Ottawa,CAD,Canadian dollar,$,.ca,Canada,Americas,2,Northern America,Canadian,60.00000000,-95.00000000,ğŸ‡¨ğŸ‡¦,U+1F1E8 U+1F1E6,Canada har flere innsjÃ¸er enn resten av verdens land til sammen.,canada
Den sentralafrikanske republikk,CAF,CF,Bangui,XAF,Central African CFA franc,FCFA,.cf,KÃ¶dÃ¶rÃ¶sÃªse tÃ® BÃªafrÃ®ka,Africa,1,Middle Africa,Central African,7.00000000,21.00000000,ğŸ‡¨ğŸ‡«,U+1F1E8 U+1F1EB,"Den sentralafrikanske republikk er hjem til Dzanga-Sangha spesialreservat, kjent for sine lavlandsgorillaer.",den_sentralafrikanske_republikk
Tsjad,TCD,TD,N'Djamena,XAF,Central African CFA franc,FCFA,.td,Tchad,Africa,1,Middle Africa,Chadian,15.00000000,19.00000000,ğŸ‡¹ğŸ‡©,U+1F1F9 U+1F1E9,"Tsjad-sjÃ¸en, som landet er oppkalt etter, var en gang en av Afrikas stÃ¸rste innsjÃ¸er, men har krympet dramatisk de siste tiÃ¥rene.",tsjad
Chile,CHL,CL,Santiago,CLP,Chilean peso,$,.cl,Chile,Americas,2,South America,Chilean,-30.00000000,-71.00000000,ğŸ‡¨ğŸ‡±,U+1F1E8 U+1F1F1,"Chile er verdens lengste land fra nord til sÃ¸r, og strekker seg over 4 300 kilometer.",chile
Kina,CHN,CN,Beijing,CNY,Chinese yuan,Â¥,.cn,ä¸­å›½,Asia,3,Eastern Asia,Chinese,35.00000000,105.00000000,ğŸ‡¨ğŸ‡³,U+1F1E8 U+1F1F3,"Kina er det mest folkerike landet i verden, med over 1,4 milliarder innbyggere.",kina
Colombia,COL,CO,BogotÃ¡,COP,Colombian peso,$,.co,Colombia,Americas,2,South America,Colombian,4.00000000,-72.00000000,ğŸ‡¨ğŸ‡´,U+1F1E8 U+1F1F4,"Colombia er det nest mest biologisk mangfoldige landet i verden, etter Brasil.",colombia
Kongo,COG,CG,Brazzaville,XAF,Central African CFA franc,FC,.cg,RÃ©publique du Congo,Africa,1,Middle Africa,Congolese,-1.00000000,15.00000000,ğŸ‡¨ğŸ‡¬,U+1F1E8 U+1F1EC,"Republikken Kongo er hjem til regnskogen i Kongo-bassenget, det nest stÃ¸rste regnskogsomrÃ¥det i verden.",kongo
Costa Rica,CRI,CR,San JosÃ©,CRC,Costa Rican colÃ³n,â‚¡,.cr,Costa Rica,Americas,2,Central America,Costa Rican,10.00000000,-84.00000000,ğŸ‡¨ğŸ‡·,U+1F1E8 U+1F1F7,Costa Rica har ingen hÃ¦r og bruker ressursene pÃ¥ utdanning og helsevesen.,costa_rica
Kroatia,HRV,HR,Zagreb,HRK,Croatian kuna,kn,.hr,Hrvatska,Europe,4,Southern Europe,Croatian,45.16666666,15.50000000,ğŸ‡­ğŸ‡·,U+1F1ED U+1F1F7,Kroatia har over 1 000 Ã¸yer langs sin kystlinje ved Adriaterhavet.,kroatia
Cuba,CUB,CU,Havanna,CUP,Cuban peso,$,.cu,Cuba,Americas,2,Caribbean,Cuban,21.50000000,-80.00000000,ğŸ‡¨ğŸ‡º,U+1F1E8 U+1F1FA,"Cuba er kjent for sine klassiske amerikanske biler fra 1950-tallet, som fortsatt kjÃ¸rer pÃ¥ veiene i dag.",cuba
Kypros,CYP,CY,Nikosia,EUR,Euro,â‚¬,.cy,ÎšÏÏ€ÏÎ¿Ï‚,Europe,4,Southern Europe,Cypriot,35.00000000,33.00000000,ğŸ‡¨ğŸ‡¾,U+1F1E8 U+1F1FE,"Kypros er fÃ¸destedet til Afrodite, den greske gudinnen for kjÃ¦rlighet og skjÃ¸nnhet, ifÃ¸lge mytologien.",kypros
Tsjekkia,CZE,CZ,Praha,CZK,Czech koruna,KÄ,.cz,ÄŒeskÃ¡ republika,Europe,4,Eastern Europe,Czech,49.75000000,15.50000000,ğŸ‡¨ğŸ‡¿,U+1F1E8 U+1F1FF,Tsjekkia har verdens hÃ¸yeste Ã¸lkonsum per innbygger.,tsjekkia
Den demokratiske republikken Kongo,COD,CD,Kinshasa,CDF,Congolese Franc,FC,.cd,RÃ©publique dÃ©mocratique du Congo,Africa,1,Middle Africa,Congolese,0.00000000,25.00000000,ğŸ‡¨ğŸ‡©,U+1F1E8 U+1F1E9,"Den demokratiske republikken Kongo er hjem til Mount Nyiragongo, en av verdens mest aktive vulkaner.",den_demokratiske_republikken_kongo
Danmark,DNK,DK,KÃ¸benhavn,DKK,Danish krone,Kr.,.dk,Danmark,Europe,4,Northern Europe,Danish,56.00000000,10.00000000,ğŸ‡©ğŸ‡°,U+1F1E9 U+1F1F0,Danmark er ofte rangert som et av verdens lykkeligste land.,danmark
Djibouti,DJI,DJ,Djibouti,DJF,Djiboutian franc,Fdj,.dj,Djibouti,Africa,1,Eastern Africa,Djiboutian,11.50000000,43.00000000,ğŸ‡©ğŸ‡¯,U+1F1E9 U+1F1EF,"Djibouti er hjem til Lac Assal, en av de salteste innsjÃ¸ene i verden.",djibouti
Den dominikanske republikk,DOM,DO,Santo Domingo,DOP,Dominican peso,$,.do,RepÃºblica Dominicana,Americas,2,Caribbean,Dominican,19.00000000,-70.66666666,ğŸ‡©ğŸ‡´,U+1F1E9 U+1F1F4,Den dominikanske republikk deler Ã¸ya Hispaniola med Haiti.,den_dominikanske_republikk
Ecuador,ECU,EC,Quito,USD,United States dollar,$,.ec,Ecuador,Americas,2,South America,Ecuadorian,-2.00000000,-77.50000000,ğŸ‡ªğŸ‡¨,U+1F1EA U+1F1E8,"Ecuador er oppkalt etter ekvator, som gÃ¥r rett gjennom landet.",ecuador
Egypt,EGY,EG,Kairo,EGP,Egyptian pound,Ø¬.Ù…,.eg,Ù…ØµØ±,Africa,1,Northern Africa,Egyptian,27.00000000,30.00000000,ğŸ‡ªğŸ‡¬,U+1F1EA U+1F1EC,"Egypt er hjem til de gamle pyramider, som er blant de eldste og mest imponerende menneskeskapte strukturer.",egypt
El Salvador,SLV,SV,San Salvador,USD,United States dollar,$,.sv,El Salvador,Americas,2,Central America,Salvadoran,13.83333333,-88.91666666,ğŸ‡¸ğŸ‡»,U+1F1F8 U+1F1FB,El Salvador er det minste og tettest befolkede landet i Mellom-Amerika.,el_salvador
Ekvatorial-Guinea,GNQ,GQ,Malabo,XAF,Central African CFA franc,FCFA,.gq,Guinea Ecuatorial,Africa,1,Middle Africa,"Equatorial Guinean, Equatoguinean",2.00000000,10.00000000,ğŸ‡¬ğŸ‡¶,U+1F1EC U+1F1F6,Ekvatorial-Guinea er det eneste landet i Afrika hvor spansk er det offisielle sprÃ¥ket.,ekvatorial-guinea
Eritrea,ERI,ER,Asmara,ERN,Eritrean nakfa,Nfk,.er,áŠ¤áˆ­á‰µáˆ«,Africa,1,Eastern Africa,Eritrean,15.00000000,39.00000000,ğŸ‡ªğŸ‡·,U+1F1EA U+1F1F7,Eritrea har en av de lengste kystlinjene langs RÃ¸dehavet.,eritrea
Estland,EST,EE,Tallinn,EUR,Euro,â‚¬,.ee,Eesti,Europe,4,Northern Europe,Estonian,59.00000000,26.00000000,ğŸ‡ªğŸ‡ª,U+1F1EA U+1F1EA,"Estland er et av de mest teknologisk avanserte landene, og var det fÃ¸rste til Ã¥ holde elektroniske valg.",estland
Eswatini,SWZ,SZ,"Mbabane (administrativ), Lobamba (lovgivende)",SZL,Lilangeni,E,.sz,Swaziland,Africa,1,Southern Africa,Swazi,-26.50000000,31.50000000,ğŸ‡¸ğŸ‡¿,U+1F1F8 U+1F1FF,"Eswatini, tidligere kjent som Swaziland, er et av verdens fÃ¥ absolutte monarkier.",eswatini
Etiopia,ETH,ET,Addis Abeba,ETB,Ethiopian birr,Nkf,.et,áŠ¢á‰µá‹®áŒµá‹«,Africa,1,Eastern Africa,Ethiopian,8.00000000,38.00000000,ğŸ‡ªğŸ‡¹,U+1F1EA U+1F1F9,Etiopia er det eneste landet i Afrika som aldri ble kolonisert.,etiopia
Fiji,FJI,FJ,Suva,FJD,Fijian dollar,FJ$,.fj,Fiji,Oceania,5,Melanesia,Fijian,-18.00000000,175.00000000,ğŸ‡«ğŸ‡¯,U+1F1EB U+1F1EF,"Fiji bestÃ¥r av over 300 Ã¸yer, men bare rundt 100 er bebodd.",fiji
Finland,FIN,FI,Helsingfors,EUR,Euro,â‚¬,.fi,Suomi,Europe,4,Northern Europe,Finnish,64.00000000,26.00000000,ğŸ‡«ğŸ‡®,U+1F1EB U+1F1EE,"Finland har over 180 000 innsjÃ¸er, noe som gir det kallenavnet 'de tusen sjÃ¸ers land'.",finland
Frankrike,FRA,FR,Paris,EUR,Euro,â‚¬,.fr,France,Europe,4,Western Europe,French,46.00000000,2.00000000,ğŸ‡«ğŸ‡·,U+1F1EB U+1F1F7,"Frankrike er det mest besÃ¸kte landet i verden, med rundt 89 millioner turister Ã¥rlig.",frankrike
Gabon,GAB,GA,Libreville,XAF,Central African CFA franc,FCFA,.ga,Gabon,Africa,1,Middle Africa,Gabonese,-1.00000000,11.75000000,ğŸ‡¬ğŸ‡¦,U+1F1EC U+1F1E6,"Gabon har en av Afrikas hÃ¸yeste urbaniseringsgrader, med over 80% av befolkningen som bor i byer.",gabon
Georgia,GEO,GE,Tbilisi,GEL,Georgian lari,áƒš,.ge,áƒ¡áƒáƒ¥áƒáƒ áƒ—áƒ•áƒ”áƒšáƒ,Asia,3,Western Asia,Georgian,42.00000000,43.50000000,ğŸ‡¬ğŸ‡ª,U+1F1EC U+1F1EA,Georgia er hjem til noen av verdens eldste vinproduserende regioner.,georgia
Tyskland,DEU,DE,Berlin,EUR,Euro,â‚¬,.de,Deutschland,Europe,4,Western Europe,German,51.00000000,9.00000000,ğŸ‡©ğŸ‡ª,U+1F1E9 U+1F1EA,"Tyskland er kjent for sitt Ã¥rlige Oktoberfest i MÃ¼nchen, verdens stÃ¸rste Ã¸lfestival.",tyskland
Ghana,GHA,GH,Accra,GHS,Ghanaian cedi,GHâ‚µ,.gh,Ghana,Africa,1,Western Africa,Ghanaian,8.00000000,-2.00000000,ğŸ‡¬ğŸ‡­,U+1F1EC U+1F1ED,Ghana var det fÃ¸rste afrikanske landet sÃ¸r for Sahara som erklÃ¦rte uavhengighet fra kolonistyre i 1957.,ghana
Hellas,GRC,GR,Aten,EUR,Euro,â‚¬,.gr,Î•Î»Î»Î¬Î´Î±,Europe,4,Southern Europe,"Greek, Hellenic",39.00000000,22.00000000,ğŸ‡¬ğŸ‡·,U+1F1EC U+1F1F7,"Hellas er fÃ¸destedet til de olympiske leker, som startet i Olympia i 776 f.Kr.",hellas
GrÃ¸nland,GRL,GL,Nuuk,DKK,Danish krone,Kr.,.gl,Kalaallit Nunaat,Americas,2,Northern America,Greenlandic,72.00000000,-40.00000000,ğŸ‡¬ğŸ‡±,U+1F1EC U+1F1F1,GrÃ¸nland er verdens stÃ¸rste Ã¸y og har en isdekke som dekker omtrent 80% av landet.,grÃ¸nland
Guatemala,GTM,GT,Guatemala by,GTQ,Guatemalan quetzal,Q,.gt,Guatemala,Americas,2,Central America,Guatemalan,15.50000000,-90.25000000,ğŸ‡¬ğŸ‡¹,U+1F1EC U+1F1F9,"Guatemala har flere maya-ruiner enn noe annet land i Mellom-Amerika, inkludert den berÃ¸mte byen Tikal.",guatemala
Guinea,GIN,GN,Conakry,GNF,Guinean franc,FG,.gn,GuinÃ©e,Africa,1,Western Africa,Guinean,11.00000000,-10.00000000,ğŸ‡¬ğŸ‡³,U+1F1EC U+1F1F3,"Guinea er en av verdens stÃ¸rste eksportÃ¸rer av bauxitt, som brukes til Ã¥ lage aluminium.",guinea
Guinea-Bissau,GNB,GW,Bissau,XOF,West African CFA franc,CFA,.gw,GuinÃ©-Bissau,Africa,1,Western Africa,Bissau-Guinean,12.00000000,-15.00000000,ğŸ‡¬ğŸ‡¼,U+1F1EC U+1F1FC,"Guinea-Bissau er kjent for sitt mangrovesystem, som er en av de stÃ¸rste i Afrika.",guinea-bissau
Guyana,GUY,GY,Georgetown,GYD,Guyanese dollar,$,.gy,Guyana,Americas,2,South America,Guyanese,5.00000000,-59.00000000,ğŸ‡¬ğŸ‡¾,U+1F1EC U+1F1FE,Guyana er det eneste engelsktalende landet i SÃ¸r-Amerika.,guyana
Haiti,HTI,HT,Port-au-Prince,HTG,Haitian gourde,G,.ht,HaÃ¯ti,Americas,2,Caribbean,Haitian,19.00000000,-72.41666666,ğŸ‡­ğŸ‡¹,U+1F1ED U+1F1F9,Haiti deler Ã¸ya Hispaniola med Den dominikanske republikk.,haiti
Honduras,HND,HN,Tegucigalpa,HNL,Honduran lempira,L,.hn,Honduras,Americas,2,Central America,Honduran,15.00000000,-86.50000000,ğŸ‡­ğŸ‡³,U+1F1ED U+1F1F3,"Honduras har verdens nest stÃ¸rste korallrev, Mesoamerican Barrier Reef.",honduras
Ungarn,HUN,HU,Budapest,HUF,Hungarian forint,Ft,.hu,MagyarorszÃ¡g,Europe,4,Eastern Europe,"Hungarian, Magyar",47.00000000,20.00000000,ğŸ‡­ğŸ‡º,U+1F1ED U+1F1FA,"Ungarn er hjem til verdens stÃ¸rste termiske innsjÃ¸, HÃ©vÃ­z-sjÃ¸en.",ungarn
Island,ISL,IS,Reykjavik,ISK,Icelandic krÃ³na,kr,.is,Ãsland,Europe,4,Northern Europe,Icelandic,65.00000000,-18.00000000,ğŸ‡®ğŸ‡¸,U+1F1EE U+1F1F8,"Island er kjent for sine mange vulkaner og geotermiske landskap, og har kallenavnet 'landet av ild og is'.",island
India,IND,IN,New Delhi,INR,Indian rupee,â‚¹,.in,à¤­à¤¾à¤°à¤¤,Asia,3,Southern Asia,Indian,20.00000000,77.00000000,ğŸ‡®ğŸ‡³,U+1F1EE U+1F1F3,"India er det nest mest folkerike landet i verden, med over 1,3 milliarder mennesker.",india
Indonesia,IDN,ID,Jakarta,IDR,Indonesian rupiah,Rp,.id,Indonesia,Asia,3,South-Eastern Asia,Indonesian,-5.00000000,120.00000000,ğŸ‡®ğŸ‡©,U+1F1EE U+1F1E9,"Indonesia er verdens stÃ¸rste Ã¸ygruppe, med over 17 000 Ã¸yer.",indonesia
Iran,IRN,IR,Teheran,IRR,Iranian rial,ï·¼,.ir,Ø§ÛŒØ±Ø§Ù†,Asia,3,Southern Asia,"Iranian, Persian",32.00000000,53.00000000,ğŸ‡®ğŸ‡·,U+1F1EE U+1F1F7,"Iran har den eldste kontinuerlig bebodde byen i verden, Susa, som dateres tilbake til rundt 4 200 f.Kr.",iran
Irak,IRQ,IQ,Bagdad,IQD,Iraqi dinar,Ø¯.Ø¹,.iq,Ø§Ù„Ø¹Ø±Ø§Ù‚,Asia,3,Western Asia,Iraqi,33.00000000,44.00000000,ğŸ‡®ğŸ‡¶,U+1F1EE U+1F1F6,"Irak er hjem til de gamle mesopotamiske sivilisasjonene, ofte kalt 'sivilisasjonens vugge'.",irak
Irland,IRL,IE,Dublin,EUR,Euro,â‚¬,.ie,Ã‰ire,Europe,4,Northern Europe,Irish,53.00000000,-8.00000000,ğŸ‡®ğŸ‡ª,U+1F1EE U+1F1EA,Irland er kjent som 'den grÃ¸nne Ã¸ya' pÃ¥ grunn av sitt frodige landskap.,irland
Israel,ISR,IL,Jerusalem,ILS,Israeli new shekel,â‚ª,.il,×™Ö´×©Ö°×‚×¨Ö¸×Öµ×œ,Asia,3,Western Asia,Israeli,31.50000000,34.75000000,ğŸ‡®ğŸ‡±,U+1F1EE U+1F1F1,"Israel er hjem til DÃ¸dehavet, det laveste punktet pÃ¥ jordens overflate.",israel
Italia,ITA,IT,Roma,EUR,Euro,â‚¬,.it,Italia,Europe,4,Southern Europe,Italian,42.83333333,12.83333333,ğŸ‡®ğŸ‡¹,U+1F1EE U+1F1F9,"Italia er kjent for sine kunstskatter, og har flere UNESCOs verdensarvsteder enn noe annet land.",italia
Elfenbenskysten,CIV,CI,"Yamoussoukro (offisiell), Abidjan (administrativ)",XOF,West African CFA franc,CFA,.ci,,Africa,1,Western Africa,Ivorian,8.00000000,-5.00000000,ğŸ‡¨ğŸ‡®,U+1F1E8 U+1F1EE,Elfenbenskysten er en av verdens stÃ¸rste eksportÃ¸rer av kakao.,elfenbenskysten
Jamaica,JAM,JM,Kingston,JMD,Jamaican dollar,J$,.jm,Jamaica,Americas,2,Caribbean,Jamaican,18.25000000,-77.50000000,ğŸ‡¯ğŸ‡²,U+1F1EF U+1F1F2,Jamaica er fÃ¸destedet til reggae-musikken og hjemlandet til Bob Marley.,jamaica
Japan,JPN,JP,Tokyo,JPY,Japanese yen,Â¥,.jp,æ—¥æœ¬,Asia,3,Eastern Asia,Japanese,36.00000000,138.00000000,ğŸ‡¯ğŸ‡µ,U+1F1EF U+1F1F5,"Japan bestÃ¥r av over 6 800 Ã¸yer, med de fire stÃ¸rste som stÃ¥r for 97% av landets areal.",japan
Jordan,JOR,JO,Amman,JOD,Jordanian dinar,Ø§.Ø¯,.jo,Ø§Ù„Ø£Ø±Ø¯Ù†,Asia,3,Western Asia,Jordanian,31.00000000,36.00000000,ğŸ‡¯ğŸ‡´,U+1F1EF U+1F1F4,"Jordan er hjem til den gamle byen Petra, en av verdens nye sju underverker.",jordan
Kasakhstan,KAZ,KZ,Astana (tidligere Nur-Sultan),KZT,Kazakhstani tenge,Ğ»Ğ²,.kz,ÒšĞ°Ğ·Ğ°Ò›ÑÑ‚Ğ°Ğ½,Asia,3,Central Asia,"Kazakhstani, Kazakh",48.00000000,68.00000000,ğŸ‡°ğŸ‡¿,U+1F1F0 U+1F1FF,Kasakhstan er det stÃ¸rste landet i verden uten kystlinje.,kasakhstan
Kenya,KEN,KE,Nairobi,KES,Kenyan shilling,KSh,.ke,Kenya,Africa,1,Eastern Africa,Kenyan,1.00000000,38.00000000,ğŸ‡°ğŸ‡ª,U+1F1F0 U+1F1EA,"Kenya er kjent for sine spektakulÃ¦re safarier og dyreliv, inkludert de store migrasjonene av gnuer i Maasai Mara.",kenya
Kosovo,XKX,XK,Pristina,EUR,Euro,â‚¬,.xk,Republika e KosovÃ«s,Europe,4,Eastern Europe,"Kosovar, Kosovan",42.56129090,20.34030350,ğŸ‡½ğŸ‡°,U+1F1FD U+1F1F0,"Kosovo erklÃ¦rte uavhengighet fra Serbia i 2008, men er fortsatt ikke anerkjent av alle FN-land.",kosovo
Kuwait,KWT,KW,Kuwait by,KWD,Kuwaiti dinar,Ùƒ.Ø¯,.kw,Ø§Ù„ÙƒÙˆÙŠØª,Asia,3,Western Asia,Kuwaiti,29.50000000,45.75000000,ğŸ‡°ğŸ‡¼,U+1F1F0 U+1F1FC,Kuwait har en av verdens stÃ¸rste oljereserver og en av de hÃ¸yeste BNP per innbygger.,kuwait
Kirgisistan,KGZ,KG,Bisjkek,KGS,Kyrgyzstani som,Ğ»Ğ²,.kg,ĞšÑ‹Ñ€Ğ³Ñ‹Ğ·ÑÑ‚Ğ°Ğ½,Asia,3,Central Asia,"Kyrgyzstani, Kyrgyz, Kirgiz, Kirghiz",41.00000000,75.00000000,ğŸ‡°ğŸ‡¬,U+1F1F0 U+1F1EC,Kirgisistan er kjent for sine vakre fjell og nomadiske kulturer.,kirgisistan
Laos,LAO,LA,Vientiane,LAK,Lao kip,â‚­,.la,àºªàº›àº›àº¥àº²àº§,Asia,3,South-Eastern Asia,"Lao, Laotian",18.00000000,105.00000000,ğŸ‡±ğŸ‡¦,U+1F1F1 U+1F1E6,Laos er det eneste landet i SÃ¸rÃ¸st-Asia uten kystlinje.,laos
Latvia,LVA,LV,Riga,EUR,Euro,â‚¬,.lv,Latvija,Europe,4,Northern Europe,Latvian,57.00000000,25.00000000,ğŸ‡±ğŸ‡»,U+1F1F1 U+1F1FB,Latvia har en av de raskest voksende startup-scenene i Europa.,latvia
Libanon,LBN,LB,Beirut,LBP,Lebanese pound,Â£,.lb,Ù„Ø¨Ù†Ø§Ù†,Asia,3,Western Asia,Lebanese,33.83333333,35.83333333,ğŸ‡±ğŸ‡§,U+1F1F1 U+1F1E7,"Libanon er kjent for sine cedertre, som er nevnt flere ganger i Bibelen.",libanon
Lesotho,LSO,LS,Maseru,LSL,Lesotho loti,L,.ls,Lesotho,Africa,1,Southern Africa,Basotho,-29.50000000,28.50000000,ğŸ‡±ğŸ‡¸,U+1F1F1 U+1F1F8,Lesotho er et av fÃ¥ land i verden som ligger helt over 1 000 meter over havet.,lesotho
Liberia,LBR,LR,Monrovia,LRD,Liberian dollar,$,.lr,Liberia,Africa,1,Western Africa,Liberian,6.50000000,-9.50000000,ğŸ‡±ğŸ‡·,U+1F1F1 U+1F1F7,"Liberia er Afrikas eldste republikk, grunnlagt av frigitte amerikanske slaver i 1847.",liberia
Libya,LBY,LY,Tripoli,LYD,Libyan dinar,Ø¯.Ù„,.ly,Ù„ÙŠØ¨ÙŠØ§,Africa,1,Northern Africa,Libyan,25.00000000,17.00000000,ğŸ‡±ğŸ‡¾,U+1F1F1 U+1F1FE,"Libya har noen av verdens stÃ¸rste Ã¸rkenomrÃ¥der, inkludert en del av Sahara-Ã¸rkenen.",libya
Litauen,LTU,LT,Vilnius,EUR,Euro,â‚¬,.lt,Lietuva,Europe,4,Northern Europe,Lithuanian,56.00000000,24.00000000,ğŸ‡±ğŸ‡¹,U+1F1F1 U+1F1F9,"Litauen var det siste landet i Europa som konverterte til kristendommen, i 1387.",litauen
Luxembourg,LUX,LU,Luxembourg by,EUR,Euro,â‚¬,.lu,Luxembourg,Europe,4,Western Europe,"Luxembourg, Luxembourgish",49.75000000,6.16666666,ğŸ‡±ğŸ‡º,U+1F1F1 U+1F1FA,Luxembourg er et av de rikeste landene i verden mÃ¥lt i BNP per innbygger.,luxembourg
Madagaskar,MDG,MG,Antananarivo,MGA,Malagasy ariary,Ar,.mg,Madagasikara,Africa,1,Eastern Africa,Malagasy,-20.00000000,47.00000000,ğŸ‡²ğŸ‡¬,U+1F1F2 U+1F1EC,"Madagaskar er hjem til unike dyrearter som lemurer, som ikke finnes noe annet sted i verden.",madagaskar
Malawi,MWI,MW,Lilongwe,MWK,Malawian kwacha,MK,.mw,Malawi,Africa,1,Eastern Africa,Malawian,-13.50000000,34.00000000,ğŸ‡²ğŸ‡¼,U+1F1F2 U+1F1FC,Malawi er kjent som 'Afrikas varme hjerte' pÃ¥ grunn av sin vennlige befolkning.,malawi
Malaysia,MYS,MY,Kuala Lumpur,MYR,Malaysian ringgit,RM,.my,Malaysia,Asia,3,South-Eastern Asia,Malaysian,2.50000000,112.50000000,ğŸ‡²ğŸ‡¾,U+1F1F2 U+1F1FE,"Malaysia er delt inn i to regioner, atskilt av SÃ¸r-Kinahavet: Vest-Malaysia pÃ¥ den malaysiske halvÃ¸y og Ã˜st-Malaysia pÃ¥ Borneo.",malaysia
Mali,MLI,ML,Bamako,XOF,West African CFA franc,CFA,.ml,Mali,Africa,1,Western Africa,"Malian, Malinese",17.00000000,-4.00000000,ğŸ‡²ğŸ‡±,U+1F1F2 U+1F1F1,"Mali er hjem til den gamle byen Timbuktu, som var et viktig senter for lÃ¦ring og handel i middelalderen.",mali
Mauritania,MRT,MR,Nouakchott,MRO,Mauritanian ouguiya,MRU,.mr,Ù…ÙˆØ±ÙŠØªØ§Ù†ÙŠØ§,Africa,1,Western Africa,Mauritanian,20.00000000,-12.00000000,ğŸ‡²ğŸ‡·,U+1F1F2 U+1F1F7,"Mauritania var det siste landet i verden som avskaffet slaveriet, i 1981.",mauritania
Mexico,MEX,MX,Mexico by,MXN,Mexican peso,$,.mx,MÃ©xico,Americas,2,Central America,Mexican,23.00000000,-102.00000000,ğŸ‡²ğŸ‡½,U+1F1F2 U+1F1FD,"Mexico har 34 UNESCOs verdensarvsteder, mer enn noe annet land i Amerika.",mexico
Moldova,MDA,MD,ChiÈ™inÄƒu,MDL,Moldovan leu,L,.md,Moldova,Europe,4,Eastern Europe,Moldovan,47.00000000,29.00000000,ğŸ‡²ğŸ‡©,U+1F1F2 U+1F1E9,"Moldova er kjent for sine vingÃ¥rder og har en av verdens stÃ¸rste vinkjellere, MileÈ™tii Mici.",moldova
Mongolia,MNG,MN,Ulaanbaatar,MNT,Mongolian tÃ¶grÃ¶g,â‚®,.mn,ĞœĞ¾Ğ½Ğ³Ğ¾Ğ» ÑƒĞ»Ñ,Asia,3,Eastern Asia,Mongolian,46.00000000,105.00000000,ğŸ‡²ğŸ‡³,U+1F1F2 U+1F1F3,"Mongolia har verdens laveste befolkningstetthet, med store vidder og stepper.",mongolia
Montenegro,MNE,ME,Podgorica,EUR,Euro,â‚¬,.me,Ğ¦Ñ€Ğ½Ğ° Ğ“Ğ¾Ñ€Ğ°,Europe,4,Southern Europe,Montenegrin,42.50000000,19.30000000,ğŸ‡²ğŸ‡ª,U+1F1F2 U+1F1EA,Montenegro har en av Europas mest dramatiske kystlinjer ved Adriaterhavet.,montenegro
Marokko,MAR,MA,Rabat,MAD,Moroccan dirham,DH,.ma,Ø§Ù„Ù…ØºØ±Ø¨,Africa,1,Northern Africa,Moroccan,32.00000000,-5.00000000,ğŸ‡²ğŸ‡¦,U+1F1F2 U+1F1E6,Marokko er hjem til Atlasfjellene og den store Sahara-Ã¸rkenen.,marokko
Mosambik,MOZ,MZ,Maputo,MZN,Mozambican metical,MT,.mz,MoÃ§ambique,Africa,1,Eastern Africa,Mozambican,-18.25000000,35.00000000,ğŸ‡²ğŸ‡¿,U+1F1F2 U+1F1FF,"Mosambik har en av de lengste kystlinjene i Afrika, med vakre strender og korallrev.",mosambik
Myanmar,MMR,MM,Naypyidaw,MMK,Burmese kyat,K,.mm,á€™á€¼á€”á€ºá€™á€¬,Asia,3,South-Eastern Asia,Burmese,22.00000000,98.00000000,ğŸ‡²ğŸ‡²,U+1F1F2 U+1F1F2,"Myanmar er kjent for sine gyldne pagoder og gamle templer, spesielt i byen Bagan.",myanmar
Namibia,NAM,NA,Windhoek,NAD,Namibian dollar,$,.na,Namibia,Africa,1,Southern Africa,Namibian,-22.00000000,17.00000000,ğŸ‡³ğŸ‡¦,U+1F1F3 U+1F1E6,"Namibia har verdens eldste Ã¸rken, Namib-Ã¸rkenen, som er over 55 millioner Ã¥r gammel.",namibia
Nepal,NPL,NP,Katmandu,NPR,Nepalese rupee,â‚¨,.np,à¤¨à¤ªà¤²,Asia,3,Southern Asia,"Nepali, Nepalese",28.00000000,84.00000000,ğŸ‡³ğŸ‡µ,U+1F1F3 U+1F1F5,"Nepal er hjem til Ã¥tte av verdens ti hÃ¸yeste fjell, inkludert Mount Everest.",nepal
Nederland,NLD,NL,Amsterdam,EUR,Euro,â‚¬,.nl,Nederland,Europe,4,Western Europe,"Dutch, Netherlandic",52.50000000,5.75000000,ğŸ‡³ğŸ‡±,U+1F1F3 U+1F1F1,"Nederland er kjent for sine vindmÃ¸ller, tulipaner og kanalsystemer.",nederland
Ny-Caledonia,NCL,NC,NoumÃ©a,XPF,CFP franc,â‚£,.nc,Nouvelle-CalÃ©donie,Oceania,5,Melanesia,New Caledonian,-21.50000000,165.50000000,ğŸ‡³ğŸ‡¨,U+1F1F3 U+1F1E8,"Ny-Caledonia er kjent for sin enorme lagune, som er et UNESCOs verdensarvsted.",ny-caledonia
New Zealand,NZL,NZ,Wellington,NZD,New Zealand dollar,$,.nz,New Zealand,Oceania,5,Australia and New Zealand,"New Zealand, NZ",-41.00000000,174.00000000,ğŸ‡³ğŸ‡¿,U+1F1F3 U+1F1FF,"New Zealand var det fÃ¸rste landet i verden som innfÃ¸rte stemmerett for kvinner, i 1893.",new_zealand
Nicaragua,NIC,NI,Managua,NIO,Nicaraguan cÃ³rdoba,C$,.ni,Nicaragua,Americas,2,Central America,Nicaraguan,13.00000000,-85.00000000,ğŸ‡³ğŸ‡®,U+1F1F3 U+1F1EE,"Nicaragua er kjent som 'landet med vulkaner og innsjÃ¸er', med mange aktive vulkaner og store innsjÃ¸er som Lake Nicaragua.",nicaragua
Niger,NER,NE,Niamey,XOF,West African CFA franc,CFA,.ne,Niger,Africa,1,Western Africa,Nigerien,16.00000000,8.00000000,ğŸ‡³ğŸ‡ª,U+1F1F3 U+1F1EA,"Niger er hjem til den gamle byen Agadez, et viktig handelssted pÃ¥ kanten av Sahara.",niger
Nigeria,NGA,NG,Abuja,NGN,Nigerian naira,â‚¦,.ng,Nigeria,Africa,1,Western Africa,Nigerian,10.00000000,8.00000000,ğŸ‡³ğŸ‡¬,U+1F1F3 U+1F1EC,Nigeria er Afrikas mest folkerike land og har over 250 forskjellige etniske grupper.,nigeria
Nord-Korea,PRK,KP,Pyongyang,KPW,North Korean Won,â‚©,.kp,ë¶í•œ,Asia,3,Eastern Asia,North Korean,40.00000000,127.00000000,ğŸ‡°ğŸ‡µ,U+1F1F0 U+1F1F5,Nord-Korea er kjent for sin isolasjon og har en av verdens mest lukkede samfunn.,nord-korea
Nord-Makedonia,MKD,MK,Skopje,MKD,Denar,Ğ´ĞµĞ½,.mk,Ğ¡ĞµĞ²ĞµÑ€Ğ½Ğ° ĞœĞ°ĞºĞµĞ´Ğ¾Ğ½Ğ¸Ñ˜Ğ°,Europe,4,Southern Europe,Macedonian,41.83333333,22.00000000,ğŸ‡²ğŸ‡°,U+1F1F2 U+1F1F0,"Nord-Makedonia er hjem til Ohrid-sjÃ¸en, en av Europas eldste og dypeste innsjÃ¸er.",nord-makedonia
Norge,NOR,NO,Oslo,NOK,Norwegian krone,kr,.no,Norge,Europe,4,Northern Europe,Norwegian,62.00000000,10.00000000,ğŸ‡³ğŸ‡´,U+1F1F3 U+1F1F4,"Norge er kjent for sine fjorder, som er blant de vakreste naturlige severdighetene i verden.",norge
Oman,OMN,OM,Muskat,OMR,Omani rial,.Ø¹.Ø±,.om,Ø¹Ù…Ø§Ù†,Asia,3,Western Asia,Omani,21.00000000,57.00000000,ğŸ‡´ğŸ‡²,U+1F1F4 U+1F1F2,Oman har noen av de eldste menneskeskapte bosetningene pÃ¥ den arabiske halvÃ¸y.,oman
Pakistan,PAK,PK,Islamabad,PKR,Pakistani rupee,â‚¨,.pk,Pakistan,Asia,3,Southern Asia,Pakistani,30.00000000,70.00000000,ğŸ‡µğŸ‡°,U+1F1F5 U+1F1F0,"Pakistan er hjem til noen av verdens hÃ¸yeste fjell, inkludert K2, det nest hÃ¸yeste fjellet i verden.",pakistan
Panama,PAN,PA,Panama by,PAB,Panamanian balboa,B/.,.pa,PanamÃ¡,Americas,2,Central America,Panamanian,9.00000000,-80.00000000,ğŸ‡µğŸ‡¦,U+1F1F5 U+1F1E6,"Panama-kanalen, som forbinder Atlanterhavet og Stillehavet, er en av verdens viktigste kunstige vannveier.",panama
Papua Ny-Guinea,PNG,PG,Port Moresby,PGK,Papua New Guinean kina,K,.pg,Papua Niugini,Oceania,5,Melanesia,"Papua New Guinean, Papuan",-6.00000000,147.00000000,ğŸ‡µğŸ‡¬,U+1F1F5 U+1F1EC,"Papua Ny-Guinea er hjem til over 800 sprÃ¥k, mer enn noe annet land i verden.",papua_ny-guinea
Paraguay,PRY,PY,AsunciÃ³n,PYG,Paraguayan guarani,â‚²,.py,Paraguay,Americas,2,South America,Paraguayan,-23.00000000,-58.00000000,ğŸ‡µğŸ‡¾,U+1F1F5 U+1F1FE,"Paraguay har to offisielle sprÃ¥k: spansk og guarani, et urfolkssprÃ¥k.",paraguay
Peru,PER,PE,Lima,PEN,Peruvian sol,S/.,.pe,PerÃº,Americas,2,South America,Peruvian,-10.00000000,-76.00000000,ğŸ‡µğŸ‡ª,U+1F1F5 U+1F1EA,"Peru er hjem til Machu Picchu, en gammel inka-by som er et av verdens mest berÃ¸mte arkeologiske steder.",peru
Filippinene,PHL,PH,Manila,PHP,Philippine peso,â‚±,.ph,Pilipinas,Asia,3,South-Eastern Asia,"Philippine, Filipino",13.00000000,122.00000000,ğŸ‡µğŸ‡­,U+1F1F5 U+1F1ED,"Filippinene bestÃ¥r av over 7 600 Ã¸yer, men bare rundt 2 000 er bebodd.",filippinene
Polen,POL,PL,Warszawa,PLN,Polish zÅ‚oty,zÅ‚,.pl,Polska,Europe,4,Eastern Europe,Polish,52.00000000,20.00000000,ğŸ‡µğŸ‡±,U+1F1F5 U+1F1F1,Polen er kjent for sin rike historie og har 15 UNESCOs verdensarvsteder.,polen
Portugal,PRT,PT,Lisboa,EUR,Euro,â‚¬,.pt,Portugal,Europe,4,Southern Europe,Portuguese,39.50000000,-8.00000000,ğŸ‡µğŸ‡¹,U+1F1F5 U+1F1F9,Portugal er det eldste landet i Europa med uendrede grenser siden 1139.,portugal
Puerto Rico,PRI,PR,San Juan,USD,United States dollar,$,.pr,Puerto Rico,Americas,2,Caribbean,Puerto Rican,18.25000000,-66.50000000,ğŸ‡µğŸ‡·,U+1F1F5 U+1F1F7,"Puerto Rico er en ikke-inkorporert territorium av USA, med en blanding av amerikansk og karibisk kultur.",puerto_rico
Qatar,QAT,QA,Doha,QAR,Qatari riyal,Ù‚.Ø±,.qa,Ù‚Ø·Ø±,Asia,3,Western Asia,Qatari,25.50000000,51.25000000,ğŸ‡¶ğŸ‡¦,U+1F1F6 U+1F1E6,Qatar har en av de hÃ¸yeste inntektene per innbygger i verden pÃ¥ grunn av sine store naturgassreserver.,qatar
Romania,ROU,RO,BucureÈ™ti,RON,Romanian leu,lei,.ro,RomÃ¢nia,Europe,4,Eastern Europe,Romanian,46.00000000,25.00000000,ğŸ‡·ğŸ‡´,U+1F1F7 U+1F1F4,"Romania er hjem til Transylvania, kjent for sine middelalderslott og legenden om Dracula.",romania
Russland,RUS,RU,Moskva,RUB,Russian ruble,â‚½,.ru,Ğ Ğ¾ÑÑĞ¸Ñ,Europe,4,Eastern Europe,Russian,60.00000000,100.00000000,ğŸ‡·ğŸ‡º,U+1F1F7 U+1F1FA,"Russland er det stÃ¸rste landet i verden, og strekker seg over elleve tidssoner.",russland
Rwanda,RWA,RW,Kigali,RWF,Rwandan franc,FRw,.rw,Rwanda,Africa,1,Eastern Africa,Rwandan,-2.00000000,30.00000000,ğŸ‡·ğŸ‡¼,U+1F1F7 U+1F1FC,Rwanda er kjent som 'landet med tusen Ã¥ser' pÃ¥ grunn av sitt bÃ¸lgende landskap.,rwanda
Saudi-Arabia,SAU,SA,Riyadh,SAR,Saudi riyal,ï·¼,.sa,Ø§Ù„Ù…Ù…Ù„ÙƒØ© Ø§Ù„Ø¹Ø±Ø¨ÙŠØ© Ø§Ù„Ø³Ø¹ÙˆØ¯ÙŠØ©,Asia,3,Western Asia,"Saudi, Saudi Arabian",25.00000000,45.00000000,ğŸ‡¸ğŸ‡¦,U+1F1F8 U+1F1E6,Saudi-Arabia er fÃ¸destedet til islam og hjem til de hellige byene Mekka og Medina.,saudi-arabia
Senegal,SEN,SN,Dakar,XOF,West African CFA franc,CFA,.sn,SÃ©nÃ©gal,Africa,1,Western Africa,Senegalese,14.00000000,-14.00000000,ğŸ‡¸ğŸ‡³,U+1F1F8 U+1F1F3,"Senegal er kjent for sin rike musikalske arv, spesielt mbalax-musikken.",senegal
Serbia,SRB,RS,Beograd,RSD,Serbian dinar,din,.rs,Ğ¡Ñ€Ğ±Ğ¸Ñ˜Ğ°,Europe,4,Southern Europe,Serbian,44.00000000,21.00000000,ğŸ‡·ğŸ‡¸,U+1F1F7 U+1F1F8,"Serbia er hjem til den store festningen i Beograd, en av de eldste byene i Europa.",serbia
Sierra Leone,SLE,SL,Freetown,SLL,Sierra Leonean leone,Le,.sl,Sierra Leone,Africa,1,Western Africa,Sierra Leonean,8.50000000,-11.50000000,ğŸ‡¸ğŸ‡±,U+1F1F8 U+1F1F1,Sierra Leone er kjent for sine vakre strender langs Atlanterhavskysten.,sierra_leone
Slovakia,SVK,SK,Bratislava,EUR,Euro,â‚¬,.sk,Slovensko,Europe,4,Eastern Europe,Slovak,48.66666666,19.50000000,ğŸ‡¸ğŸ‡°,U+1F1F8 U+1F1F0,Slovakia har flere slott per innbygger enn noe annet land i verden.,slovakia
Slovenia,SVN,SI,Ljubljana,EUR,Euro,â‚¬,.si,Slovenija,Europe,4,Southern Europe,"Slovenian, Slovene",46.11666666,14.81666666,ğŸ‡¸ğŸ‡®,U+1F1F8 U+1F1EE,"Slovenia er kjent for sin innsjÃ¸ Bled, med en pittoresk Ã¸y og slott.",slovenia
SalomonÃ¸yene,SLB,SB,Honiara,SBD,Solomon Islands dollar,Si$,.sb,Solomon Islands,Oceania,5,Melanesia,Solomon Island,-8.00000000,159.00000000,ğŸ‡¸ğŸ‡§,U+1F1F8 U+1F1E7,"SalomonÃ¸yene er kjent for sine korallrev og dykkesteder, spesielt rundt Ã¸ya Guadalcanal.",salomonÃ¸yene
Somalia,SOM,SO,Mogadishu,SOS,Somali shilling,Sh.so.,.so,Soomaaliya,Africa,1,Eastern Africa,"Somali, Somalian",10.00000000,49.00000000,ğŸ‡¸ğŸ‡´,U+1F1F8 U+1F1F4,Somalia har den lengste kystlinjen pÃ¥ det afrikanske fastlandet.,somalia
SÃ¸r-Afrika,ZAF,ZA,"Pretoria (administrativ), Cape Town (lovgivende), Bloemfontein (judisiell)",ZAR,South African rand,R,.za,South Africa,Africa,1,Southern Africa,South African,-29.00000000,24.00000000,ğŸ‡¿ğŸ‡¦,U+1F1FF U+1F1E6,"SÃ¸r-Afrika har tre hovedsteder: Pretoria (administrativ), Bloemfontein (juridisk), og Cape Town (lovgivende).",sÃ¸r-afrika
SÃ¸r-Korea,KOR,KR,Seoul,KRW,Won,â‚©,.kr,ëŒ€í•œë¯¼êµ­,Asia,3,Eastern Asia,South Korean,37.00000000,127.50000000,ğŸ‡°ğŸ‡·,U+1F1F0 U+1F1F7,"SÃ¸r-Korea er kjent for sin teknologiindustri og popkultur, spesielt K-pop.",sÃ¸r-korea
SÃ¸r-Sudan,SSD,SS,Juba,SSP,South Sudanese pound,Â£,.ss,South Sudan,Africa,1,Middle Africa,South Sudanese,7.00000000,30.00000000,ğŸ‡¸ğŸ‡¸,U+1F1F8 U+1F1F8,"SÃ¸r-Sudan er det nyeste landet i verden, etter Ã¥ ha blitt uavhengig i 2011.",sÃ¸r-sudan
Spania,ESP,ES,Madrid,EUR,Euro,â‚¬,.es,EspaÃ±a,Europe,4,Southern Europe,Spanish,40.00000000,-4.00000000,ğŸ‡ªğŸ‡¸,U+1F1EA U+1F1F8,"Spania er hjem til den berÃ¸mte pilgrimsturen Camino de Santiago, som har blitt gÃ¥tt av pilegrimer i over 1 000 Ã¥r.",spania
Sri Lanka,LKA,LK,"Sri Jayawardenepura Kotte (offisiell), Colombo (kommersiell)",LKR,Sri Lankan rupee,Rs,.lk,Å›rÄ« laá¹ƒkÄva,Asia,3,Southern Asia,Sri Lankan,7.00000000,81.00000000,ğŸ‡±ğŸ‡°,U+1F1F1 U+1F1F0,"Sri Lanka er kjent for sin teproduksjon, spesielt Ceylon-te.",sri_lanka
Sudan,SDN,SD,Khartoum,SDG,Sudanese pound,.Ø³.Ø¬,.sd,Ø§Ù„Ø³ÙˆØ¯Ø§Ù†,Africa,1,Northern Africa,Sudanese,15.00000000,30.00000000,ğŸ‡¸ğŸ‡©,U+1F1F8 U+1F1E9,"Sudan har mer pyramider enn Egypt, de fleste i den gamle byen MeroÃ«.",sudan
Surinam,SUR,SR,Paramaribo,SRD,Surinamese dollar,$,.sr,Suriname,Americas,2,South America,Surinamese,4.00000000,-56.00000000,ğŸ‡¸ğŸ‡·,U+1F1F8 U+1F1F7,Surinam er det minste landet i SÃ¸r-Amerika nÃ¥r det gjelder bÃ¥de stÃ¸rrelse og befolkning.,surinam
Sverige,SWE,SE,Stockholm,SEK,Swedish krona,kr,.se,Sverige,Europe,4,Northern Europe,Swedish,62.00000000,15.00000000,ğŸ‡¸ğŸ‡ª,U+1F1F8 U+1F1EA,Sverige er kjent for sin hÃ¸ye levestandard og omfattende velferdssystem.,sverige
Sveits,CHE,CH,Bern,CHF,Swiss franc,CHf,.ch,Schweiz,Europe,4,Western Europe,Swiss,47.00000000,8.00000000,ğŸ‡¨ğŸ‡­,U+1F1E8 U+1F1ED,"Sveits er kjent for sine banker, sjokolade, klokker og fjellandskap.",sveits
Syria,SYR,SY,Damaskus,SYP,Syrian pound,LS,.sy,Ø³ÙˆØ±ÙŠØ§,Asia,3,Western Asia,Syrian,35.00000000,38.00000000,ğŸ‡¸ğŸ‡¾,U+1F1F8 U+1F1FE,"Syria er hjem til Damaskus, en av verdens eldste kontinuerlig bebodde byer.",syria
Taiwan,TWN,TW,Taipei,TWD,New Taiwan dollar,$,.tw,è‡ºç£,Asia,3,Eastern Asia,"Chinese, Taiwanese",23.50000000,121.00000000,ğŸ‡¹ğŸ‡¼,U+1F1F9 U+1F1FC,Taiwan er kjent for sin teknologiske industri og produserer en stor del av verdens elektroniske komponenter.,taiwan
Tadsjikistan,TJK,TJ,Dusjanbe,TJS,Tajikistani somoni,SM,.tj,Ğ¢Ğ¾Ò·Ğ¸ĞºĞ¸ÑÑ‚Ğ¾Ğ½,Asia,3,Central Asia,Tajikistani,39.00000000,71.00000000,ğŸ‡¹ğŸ‡¯,U+1F1F9 U+1F1EF,"Tadsjikistan er et av de mest fjellrike landene i verden, med over 90% av territoriet dekket av fjell.",tadsjikistan
Tanzania,TZA,TZ,Dodoma,TZS,Tanzanian shilling,TSh,.tz,Tanzania,Africa,1,Eastern Africa,Tanzanian,-6.00000000,35.00000000,ğŸ‡¹ğŸ‡¿,U+1F1F9 U+1F1FF,"Tanzania er hjem til Afrikas hÃ¸yeste fjell, Kilimanjaro, og den berÃ¸mte Serengeti nasjonalpark.",tanzania
Thailand,THA,TH,Bangkok,THB,Thai baht,à¸¿,.th,à¸›à¸£à¸°à¹€à¸—à¸¨à¹„à¸—à¸¢,Asia,3,South-Eastern Asia,Thai,15.00000000,100.00000000,ğŸ‡¹ğŸ‡­,U+1F1F9 U+1F1ED,Thailand er det eneste landet i SÃ¸rÃ¸st-Asia som aldri ble kolonisert av en europeisk makt.,thailand
Bahamas,BHS,BS,Nassau,BSD,Bahamian dollar,B$,.bs,Bahamas,Americas,2,Caribbean,Bahamian,24.25000000,-76.00000000,ğŸ‡§ğŸ‡¸,U+1F1E7 U+1F1F8,"Bahamas bestÃ¥r av over 700 Ã¸yer, hvorav de fleste er ubebodde.",bahamas
Ã˜st-Timor,TLS,TL,Dili,USD,United States dollar,$,.tl,Timor-Leste,Asia,3,South-Eastern Asia,Timorese,-8.83333333,125.91666666,ğŸ‡¹ğŸ‡±,U+1F1F9 U+1F1F1,"Ã˜st-Timor ble uavhengig fra Indonesia i 2002, og er et av de yngste landene i verden.",Ã¸st-timor
Togo,TGO,TG,LomÃ©,XOF,West African CFA franc,CFA,.tg,Togo,Africa,1,Western Africa,Togolese,8.00000000,1.16666666,ğŸ‡¹ğŸ‡¬,U+1F1F9 U+1F1EC,Togo er kjent for sine tradisjonelle voodoo-religioner og fargerike markeder.,togo
Trinidad og Tobago,TTO,TT,Port of Spain,TTD,Trinidad and Tobago dollar,$,.tt,Trinidad and Tobago,Americas,2,Caribbean,Trinidadian or Tobagonian,11.00000000,-61.00000000,ğŸ‡¹ğŸ‡¹,U+1F1F9 U+1F1F9,"Trinidad og Tobago er hjem til verdens stÃ¸rste naturlige asfaltforekomst, Pitch Lake.",trinidad_og_tobago
Tunisia,TUN,TN,Tunis,TND,Tunisian dinar,Øª.Ø¯,.tn,ØªÙˆÙ†Ø³,Africa,1,Northern Africa,Tunisian,34.00000000,9.00000000,ğŸ‡¹ğŸ‡³,U+1F1F9 U+1F1F3,"Tunisia er hjem til de antikke ruinene av Kartago, en av de mektigste bystatene i oldtiden.",tunisia
Tyrkia,TUR,TR,Ankara,TRY,Turkish lira,â‚º,.tr,TÃ¼rkiye,Asia,3,Western Asia,Turkish,39.00000000,35.00000000,ğŸ‡¹ğŸ‡·,U+1F1F9 U+1F1F7,"Tyrkia er en bro mellom Europa og Asia, med Istanbul som den eneste byen i verden som ligger pÃ¥ to kontinenter.",tyrkia
Turkmenistan,TKM,TM,Asjgabat,TMT,Turkmenistan manat,T,.tm,TÃ¼rkmenistan,Asia,3,Central Asia,Turkmen,40.00000000,60.00000000,ğŸ‡¹ğŸ‡²,U+1F1F9 U+1F1F2,"Turkmenistan har en av verdens stÃ¸rste Ã¸rkener, Karakum-Ã¸rkenen, som dekker rundt 70% av landet.",turkmenistan
Uganda,UGA,UG,Kampala,UGX,Ugandan shilling,USh,.ug,Uganda,Africa,1,Eastern Africa,Ugandan,1.00000000,32.00000000,ğŸ‡ºğŸ‡¬,U+1F1FA U+1F1EC,Uganda er kjent som 'Afrikas perle' pÃ¥ grunn av sin naturskjÃ¸nnhet og biologiske mangfold.,uganda
Ukraina,UKR,UA,Kyiv,UAH,Ukrainian hryvnia,â‚´,.ua,Ğ£ĞºÑ€Ğ°Ñ—Ğ½Ğ°,Europe,4,Eastern Europe,Ukrainian,49.00000000,32.00000000,ğŸ‡ºğŸ‡¦,U+1F1FA U+1F1E6,"Ukraina er hjem til Tsjernobyl, stedet for den verste kjernekraftulykken i historien.",ukraina
De forente arabiske emirater,ARE,AE,Abu Dhabi,AED,United Arab Emirates dirham,Ø¥.Ø¯,.ae,Ø¯ÙˆÙ„Ø© Ø§Ù„Ø¥Ù…Ø§Ø±Ø§Øª Ø§Ù„Ø¹Ø±Ø¨ÙŠØ© Ø§Ù„Ù…ØªØ­Ø¯Ø©,Asia,3,Western Asia,"Emirati, Emirian, Emiri",24.00000000,54.00000000,ğŸ‡¦ğŸ‡ª,U+1F1E6 U+1F1EA,"De forente arabiske emirater er kjent for sine luksuriÃ¸se byer, inkludert Dubai med verdens hÃ¸yeste bygning, Burj Khalifa.",de_forente_arabiske_emirater
Storbritannia,GBR,GB,London,GBP,British pound,Â£,.uk,United Kingdom,Europe,4,Northern Europe,"British, UK",54.00000000,-2.00000000,ğŸ‡¬ğŸ‡§,U+1F1EC U+1F1E7,"Storbritannia er kjent for sin rike historie og kulturelle pÃ¥virkning, inkludert Ã¥ vÃ¦re hjemlandet til Shakespeare.",storbritannia
USA,USA,US,"Washington, D.C.",USD,United States dollar,$,.us,United States,Americas,2,Northern America,American,38.00000000,-97.00000000,ğŸ‡ºğŸ‡¸,U+1F1FA U+1F1F8,"USA er kjent for sin mangfoldige kultur og er hjem til Hollywood, verdens filmindustriens hovedstad.",usa
Uruguay,URY,UY,Montevideo,UYU,Uruguayan peso,$,.uy,Uruguay,Americas,2,South America,Uruguayan,-33.00000000,-56.00000000,ğŸ‡ºğŸ‡¾,U+1F1FA U+1F1FE,Uruguay var det fÃ¸rste landet i verden som legaliserte salg og bruk av marihuana.,uruguay
Usbekistan,UZB,UZ,Tasjkent,UZS,Uzbekistani soÊ»m,Ğ»Ğ²,.uz,Oâ€˜zbekiston,Asia,3,Central Asia,"Uzbekistani, Uzbek",41.00000000,64.00000000,ğŸ‡ºğŸ‡¿,U+1F1FA U+1F1FF,"Usbekistan er kjent for sine vakre silkeveibyene, inkludert Samarkand og Bukhara.",usbekistan
Vanuatu,VUT,VU,Port Vila,VUV,Vanuatu vatu,VT,.vu,Vanuatu,Oceania,5,Melanesia,"Ni-Vanuatu, Vanuatuan",-16.00000000,167.00000000,ğŸ‡»ğŸ‡º,U+1F1FB U+1F1FA,Vanuatu er kjent for sine aktive vulkaner og kulturelle rikdom.,vanuatu
Venezuela,VEN,VE,Caracas,VES,BolÃ­var,Bs,.ve,Venezuela,Americas,2,South America,Venezuelan,8.00000000,-66.00000000,ğŸ‡»ğŸ‡ª,U+1F1FB U+1F1EA,"Venezuela er hjem til verdens hÃ¸yeste fossefall, Angel Falls.",venezuela
Vietnam,VNM,VN,Hanoi,VND,Vietnamese Ä‘á»“ng,â‚«,.vn,Viá»‡t Nam,Asia,3,South-Eastern Asia,Vietnamese,16.16666666,107.83333333,ğŸ‡»ğŸ‡³,U+1F1FB U+1F1F3,"Vietnam er kjent for sin fantastiske mat, inkludert den populÃ¦re retten pho.",vietnam
Jemen,YEM,YE,Sanaa,YER,Yemeni rial,ï·¼,.ye,Ø§Ù„ÙŠÙÙ…ÙÙ†,Asia,3,Western Asia,Yemeni,15.00000000,48.00000000,ğŸ‡¾ğŸ‡ª,U+1F1FE U+1F1EA,"Jemen er hjem til den gamle byen Sana'a, som har vÃ¦rt kontinuerlig bebodd i over 2 500 Ã¥r.",jemen
Zambia,ZMB,ZM,Lusaka,ZMW,Zambian kwacha,ZK,.zm,Zambia,Africa,1,Eastern Africa,Zambian,-15.00000000,30.00000000,ğŸ‡¿ğŸ‡²,U+1F1FF U+1F1F2,"Zambia er hjem til Victoriafallene, en av de stÃ¸rste og mest spektakulÃ¦re fossefallene i verden.",zambia
Zimbabwe,ZWE,ZW,Harare,ZWL,Zimbabwe Dollar,$,.zw,Zimbabwe,Africa,1,Eastern Africa,Zimbabwean,-20.00000000,30.00000000,ğŸ‡¿ğŸ‡¼,U+1F1FF U+1F1FC,"Zimbabwe er kjent for sine store steinskulpturer og den gamle byen Great Zimbabwe, en av de mest betydningsfulle arkeologiske funnstedene i Afrika.",zimbabwe
